{
    "config": "configs/voc12/CrossPromptCLIP_seg_zero_vit-b_512x512_20k_12_10_debug2.py",
    "metric": {
        "aAcc": 0.9581000000000001,
        "mIoU": 0.9098,
        "mAcc": 0.9439,
        "IoU.aeroplane": 0.9918,
        "IoU.bicycle": 0.9065000000000001,
        "IoU.bird": 0.9868000000000001,
        "IoU.boat": 0.9706999999999999,
        "IoU.bottle": 0.9469,
        "IoU.bus": 0.9861,
        "IoU.car": 0.9642000000000001,
        "IoU.cat": 0.9789,
        "IoU.chair": 0.5769,
        "IoU.cow": 0.9643999999999999,
        "IoU.diningtable": 0.8694,
        "IoU.dog": 0.9718000000000001,
        "IoU.horse": 0.9601000000000001,
        "IoU.motorbike": 0.9388,
        "IoU.person": 0.9544,
        "IoU.pottedplant": 0.8131999999999999,
        "IoU.sheep": 0.9529000000000001,
        "IoU.sofa": 0.6604000000000001,
        "IoU.train": 0.9863,
        "IoU.tvmonitor": 0.8149,
        "Acc.aeroplane": 0.9948999999999999,
        "Acc.bicycle": 0.9340999999999999,
        "Acc.bird": 0.9929000000000001,
        "Acc.boat": 0.9898,
        "Acc.bottle": 0.9763,
        "Acc.bus": 0.9909,
        "Acc.car": 0.9851000000000001,
        "Acc.cat": 0.9926,
        "Acc.chair": 0.7848,
        "Acc.cow": 0.9917,
        "Acc.diningtable": 0.8959999999999999,
        "Acc.dog": 0.9903,
        "Acc.horse": 0.9691,
        "Acc.motorbike": 0.9716,
        "Acc.person": 0.9819,
        "Acc.pottedplant": 0.8254,
        "Acc.sheep": 0.963,
        "Acc.sofa": 0.8046,
        "Acc.train": 0.9982,
        "Acc.tvmonitor": 0.8449,
        "U_mIoU": 0.8455521063578996,
        "U_mAcc": 0.8872435632548425
    }
}