{
    "config": "configs/voc12/CrossPromptCLIP_seg_zero_vit-b_512x512_20k_12_10_debug24.py",
    "metric": {
        "aAcc": 0.9718000000000001,
        "mIoU": 0.9412,
        "mAcc": 0.9671,
        "IoU.aeroplane": 0.9952,
        "IoU.bicycle": 0.9235,
        "IoU.bird": 0.9921,
        "IoU.boat": 0.9740000000000001,
        "IoU.bottle": 0.9506999999999999,
        "IoU.bus": 0.9890000000000001,
        "IoU.car": 0.9740000000000001,
        "IoU.cat": 0.9808,
        "IoU.chair": 0.6191,
        "IoU.cow": 0.9837,
        "IoU.diningtable": 0.8695999999999999,
        "IoU.dog": 0.9634999999999999,
        "IoU.horse": 0.9740000000000001,
        "IoU.motorbike": 0.9476,
        "IoU.person": 0.9581999999999999,
        "IoU.pottedplant": 0.9654,
        "IoU.sheep": 0.9826,
        "IoU.sofa": 0.8203,
        "IoU.train": 0.9974,
        "IoU.tvmonitor": 0.9642000000000001,
        "Acc.aeroplane": 0.9984000000000001,
        "Acc.bicycle": 0.9778,
        "Acc.bird": 0.9943000000000001,
        "Acc.boat": 0.9845999999999999,
        "Acc.bottle": 0.9706,
        "Acc.bus": 0.9976999999999999,
        "Acc.car": 0.9842,
        "Acc.cat": 0.9872,
        "Acc.chair": 0.741,
        "Acc.cow": 0.99,
        "Acc.diningtable": 0.8987999999999999,
        "Acc.dog": 0.9856999999999999,
        "Acc.horse": 0.9858,
        "Acc.motorbike": 0.9787,
        "Acc.person": 0.9815,
        "Acc.pottedplant": 0.9799,
        "Acc.sheep": 0.991,
        "Acc.sofa": 0.9264,
        "Acc.train": 0.9989,
        "Acc.tvmonitor": 0.9894,
        "U_mIoU": 0.9459847053766094,
        "U_mAcc": 0.9771310365885191
    }
}